0,0
0,4
0,225
1,1
1,12
1,68
1,102
1,107
1,119
2,2
3,3
3,25
3,153
4,0
4,4
4,54
4,243
5,5
5,17
5,37
5,57
5,78
5,80
5,86
5,95
5,100
5,105
5,109
5,122
5,126
5,128
5,156
5,164
5,240
5,245
6,6
6,155
7,7
7,17
7,37
7,57
7,65
7,78
7,81
7,95
7,100
7,105
7,109
7,122
7,126
7,128
7,157
7,164
7,165
7,209
8,8
9,9
10,10
10,102
10,108
10,118
10,119
10,120
11,11
12,1
12,12
12,73
12,88
12,91
12,92
12,97
12,102
12,140
12,148
12,150
12,190
13,13
13,37
13,47
13,78
13,95
13,126
13,152
13,220
13,223
13,227
13,244
14,14
15,15
16,16
17,5
17,7
17,17
17,37
17,43
17,57
17,78
17,80
17,81
17,86
17,95
17,100
17,105
17,109
17,114
17,122
17,126
17,128
17,164
17,171
17,206
17,209
17,221
17,240
17,245
18,18
18,20
18,70
18,108
18,112
18,117
18,120
18,149
18,167
18,180
18,181
18,187
18,204
18,208
18,211
18,215
18,228
18,230
18,232
18,235
18,242
18,246
19,19
19,26
19,178
20,18
20,20
20,70
20,108
20,117
20,120
20,149
20,167
20,180
20,181
20,187
20,204
20,211
20,215
20,228
20,230
20,232
20,242
20,246
21,21
21,152
21,244
22,22
22,46
22,62
22,196
22,197
22,198
22,199
22,243
23,23
24,24
24,70
24,120
24,211
24,215
24,220
24,226
25,3
25,25
26,19
26,26
26,43
26,122
26,178
26,179
26,221
26,230
26,242
27,27
27,142
28,28
28,236
29,29
30,30
31,31
31,46
31,64
31,169
31,197
31,198
31,202
32,32
33,33
34,34
34,162
34,173
34,182
35,35
36,36
37,5
37,7
37,13
37,17
37,37
37,43
37,47
37,57
37,78
37,80
37,95
37,100
37,105
37,109
37,122
37,126
37,128
37,156
37,160
37,164
37,165
37,171
37,179
37,206
37,209
37,221
37,245
38,38
39,39
40,40
40,119
40,130
40,139
40,171
41,41
41,61
42,42
42,61
42,195
43,17
43,26
43,37
43,43
43,45
43,47
43,57
43,122
43,126
43,160
43,164
43,165
43,179
43,195
43,221
43,240
43,245
44,44
44,114
45,43
45,45
45,61
45,64
45,185
45,195
45,238
45,240
46,22
46,31
46,46
46,65
46,124
46,128
46,129
46,196
46,197
46,198
46,199
47,13
47,37
47,43
47,47
47,95
47,122
47,126
48,48
48,129
48,131
48,147
48,176
48,183
48,192
48,196
48,197
48,198
48,203
49,49
49,135
50,50
51,51
51,100
51,122
51,128
51,141
51,196
52,52
52,109
52,139
52,204
53,53
54,4
54,54
54,158
54,178
54,243
55,55
55,59
56,56
57,5
57,7
57,17
57,37
57,43
57,57
57,78
57,81
57,86
57,95
57,100
57,105
57,109
57,122
57,157
57,164
57,165
57,209
57,240
58,58
59,55
59,59
60,60
61,41
61,42
61,45
61,61
61,64
61,195
62,22
62,62
62,197
62,235
63,63
63,78
63,135
63,138
63,225
64,31
64,45
64,61
64,64
65,7
65,46
65,65
65,67
65,128
65,129
65,192
65,193
65,196
66,66
67,65
67,67
67,112
67,132
67,137
67,162
67,192
68,1
68,68
68,91
68,102
68,107
68,118
68,119
68,123
68,133
69,69
69,70
69,112
69,134
69,136
69,149
69,167
69,187
69,204
69,208
69,230
69,232
69,246
70,18
70,20
70,24
70,69
70,70
70,117
70,120
70,134
70,149
70,180
70,181
70,187
70,204
70,208
70,211
70,215
70,230
70,232
70,235
70,246
71,71
71,88
71,92
71,140
71,201
72,72
72,121
72,124
72,173
73,12
73,73
73,168
73,206
74,74
75,75
75,84
76,76
77,77
78,5
78,7
78,13
78,17
78,37
78,57
78,63
78,78
78,80
78,81
78,86
78,95
78,105
78,122
78,126
78,138
78,160
78,164
78,165
78,240
78,245
79,79
80,5
80,17
80,37
80,78
80,80
80,86
80,95
80,105
80,126
80,156
80,160
80,164
80,245
81,7
81,17
81,57
81,78
81,81
82,82
83,83
84,75
84,84
85,85
85,93
85,174
86,5
86,17
86,57
86,78
86,80
86,86
86,105
86,135
86,245
87,87
88,12
88,71
88,88
88,92
88,97
88,140
88,150
88,175
88,190
89,89
90,90
91,12
91,68
91,91
91,92
91,97
91,102
91,103
91,148
91,150
91,190
92,12
92,71
92,88
92,91
92,92
92,103
92,140
92,148
92,150
92,175
92,190
93,85
93,93
94,94
95,5
95,7
95,13
95,17
95,37
95,47
95,57
95,78
95,80
95,95
95,100
95,105
95,109
95,126
95,164
95,165
95,206
96,96
97,12
97,88
97,91
97,97
97,102
97,123
97,140
97,148
97,150
97,190
98,98
99,99
100,5
100,7
100,17
100,37
100,51
100,57
100,95
100,100
100,109
100,114
100,122
100,128
100,131
100,179
100,196
100,199
100,209
100,221
100,222
101,101
102,1
102,10
102,12
102,68
102,91
102,97
102,102
102,107
102,118
102,119
102,123
102,135
102,214
102,241
103,91
103,92
103,103
103,148
103,150
104,104
104,174
104,213
104,214
105,5
105,7
105,17
105,37
105,57
105,78
105,80
105,86
105,95
105,105
105,109
105,126
105,138
105,157
105,164
105,165
105,245
106,106
106,224
107,1
107,68
107,102
107,107
107,118
107,123
107,171
107,241
108,10
108,18
108,20
108,108
108,117
108,120
108,149
108,180
108,181
108,187
108,204
108,215
108,232
109,5
109,7
109,17
109,37
109,52
109,57
109,95
109,100
109,105
109,109
109,114
109,122
109,126
109,128
109,164
109,165
109,209
109,221
109,240
109,245
110,110
111,111
112,18
112,67
112,69
112,112
112,114
112,117
112,120
112,132
112,167
112,180
112,211
112,215
112,222
112,230
112,232
112,246
113,113
114,17
114,44
114,100
114,109
114,112
114,114
114,120
114,122
114,126
114,128
114,129
114,167
114,179
114,196
114,199
114,221
114,232
114,235
114,246
115,115
116,116
117,18
117,20
117,70
117,108
117,112
117,117
117,120
117,149
117,167
117,180
117,181
117,187
117,204
117,211
117,215
117,232
117,235
117,246
118,10
118,68
118,102
118,107
118,118
118,119
118,123
119,1
119,10
119,40
119,68
119,102
119,118
119,119
120,10
120,18
120,20
120,24
120,70
120,108
120,112
120,114
120,117
120,120
120,132
120,149
120,180
120,181
120,187
120,204
120,208
120,211
120,215
120,230
120,232
120,235
120,246
121,72
121,121
121,174
121,182
121,197
122,5
122,7
122,17
122,26
122,37
122,43
122,47
122,51
122,57
122,78
122,100
122,109
122,114
122,122
122,126
122,128
122,160
122,164
122,165
122,171
122,179
122,196
122,199
122,206
122,209
122,221
122,235
122,240
122,245
123,68
123,97
123,102
123,107
123,118
123,123
124,46
124,72
124,124
124,197
124,199
125,125
126,5
126,7
126,13
126,17
126,37
126,43
126,47
126,78
126,80
126,95
126,105
126,109
126,114
126,122
126,126
126,128
126,160
126,164
126,165
126,171
126,200
126,221
126,240
126,245
127,127
128,5
128,7
128,17
128,37
128,46
128,51
128,65
128,100
128,109
128,114
128,122
128,126
128,128
128,129
128,131
128,156
128,192
128,196
128,198
128,199
128,209
129,46
129,48
129,65
129,114
129,128
129,129
129,192
129,193
129,196
129,197
129,198
129,199
129,200
130,40
130,130
130,171
131,48
131,100
131,128
131,131
131,196
131,198
131,199
132,67
132,112
132,120
132,132
132,232
133,68
133,133
133,140
133,148
133,190
134,69
134,70
134,134
134,136
134,149
134,179
134,181
134,187
134,204
134,208
134,246
135,49
135,63
135,86
135,102
135,135
135,136
135,169
135,174
135,197
135,198
135,204
135,214
135,241
136,69
136,134
136,135
136,136
136,147
136,149
136,167
136,187
136,204
136,223
137,67
137,137
137,141
138,63
138,78
138,105
138,138
138,164
138,165
139,40
139,52
139,139
139,213
140,12
140,71
140,88
140,92
140,97
140,133
140,140
140,148
140,190
141,51
141,137
141,141
141,144
141,196
141,197
141,198
142,27
142,142
143,143
144,141
144,144
145,145
146,146
147,48
147,136
147,147
147,176
147,196
147,197
147,198
147,203
147,213
148,12
148,91
148,92
148,97
148,103
148,133
148,140
148,148
148,150
148,190
149,18
149,20
149,69
149,70
149,108
149,117
149,120
149,134
149,136
149,149
149,167
149,180
149,181
149,187
149,204
149,208
149,215
149,228
149,230
149,232
149,235
149,242
149,246
150,12
150,88
150,91
150,92
150,97
150,103
150,148
150,150
150,175
150,190
151,151
152,13
152,21
152,152
152,220
152,223
152,244
153,3
153,153
154,154
155,6
155,155
156,5
156,37
156,80
156,128
156,156
156,160
157,7
157,57
157,105
157,157
158,54
158,158
159,159
160,37
160,43
160,78
160,80
160,122
160,126
160,156
160,160
160,179
160,221
160,240
160,245
161,161
162,34
162,67
162,162
163,163
164,5
164,7
164,17
164,37
164,43
164,57
164,78
164,80
164,95
164,105
164,109
164,122
164,126
164,138
164,164
164,165
164,195
164,201
164,209
164,221
164,240
164,245
165,7
165,37
165,43
165,57
165,78
165,95
165,105
165,109
165,122
165,126
165,138
165,164
165,165
166,166
167,18
167,20
167,69
167,112
167,114
167,117
167,136
167,149
167,167
167,179
167,181
167,187
167,204
167,230
167,232
167,235
167,246
168,73
168,168
169,31
169,135
169,169
169,197
169,198
169,202
170,170
171,17
171,37
171,40
171,107
171,122
171,126
171,130
171,171
171,206
172,172
172,211
172,215
173,34
173,72
173,173
173,174
174,85
174,104
174,121
174,135
174,173
174,174
174,213
174,214
175,88
175,92
175,150
175,175
175,190
175,191
175,199
175,235
176,48
176,147
176,176
176,209
177,177
178,19
178,26
178,54
178,178
178,230
178,233
178,242
179,26
179,37
179,43
179,100
179,114
179,122
179,134
179,160
179,167
179,179
179,187
179,199
179,208
179,221
179,222
179,230
179,232
179,235
179,245
179,246
180,18
180,20
180,70
180,108
180,112
180,117
180,120
180,149
180,180
180,181
180,187
180,204
180,208
180,211
180,215
180,228
180,230
180,232
180,246
181,18
181,20
181,70
181,108
181,117
181,120
181,134
181,149
181,167
181,180
181,181
181,187
181,204
181,215
181,217
181,228
181,230
181,232
181,235
181,242
181,246
182,34
182,121
182,182
183,48
183,183
184,184
185,45
185,185
185,227
185,238
186,186
187,18
187,20
187,69
187,70
187,108
187,117
187,120
187,134
187,136
187,149
187,167
187,179
187,180
187,181
187,187
187,204
187,208
187,211
187,215
187,228
187,230
187,232
187,235
187,246
188,188
189,189
190,12
190,88
190,91
190,92
190,97
190,133
190,140
190,148
190,150
190,175
190,190
190,191
191,175
191,190
191,191
191,201
191,206
192,48
192,65
192,67
192,128
192,129
192,192
193,65
193,129
193,193
194,194
195,42
195,43
195,45
195,61
195,164
195,195
195,209
195,221
195,240
196,22
196,46
196,48
196,51
196,65
196,100
196,114
196,122
196,128
196,129
196,131
196,141
196,147
196,196
196,197
196,198
196,199
196,200
196,221
196,243
197,22
197,31
197,46
197,48
197,62
197,121
197,124
197,129
197,135
197,141
197,147
197,169
197,196
197,197
197,198
197,199
197,202
197,243
198,22
198,31
198,46
198,48
198,128
198,129
198,131
198,135
198,141
198,147
198,169
198,196
198,197
198,198
198,199
198,202
198,213
198,243
199,22
199,46
199,100
199,114
199,122
199,124
199,128
199,129
199,131
199,175
199,179
199,196
199,197
199,198
199,199
199,221
199,235
199,243
200,126
200,129
200,196
200,200
201,71
201,164
201,191
201,201
202,31
202,169
202,197
202,198
202,202
203,48
203,147
203,203
204,18
204,20
204,52
204,69
204,70
204,108
204,117
204,120
204,134
204,135
204,136
204,149
204,167
204,180
204,181
204,187
204,204
204,208
204,215
204,230
204,232
204,235
204,242
204,246
205,205
206,17
206,37
206,73
206,95
206,122
206,171
206,191
206,206
207,207
208,18
208,69
208,70
208,120
208,134
208,149
208,179
208,180
208,187
208,204
208,208
208,211
208,215
208,222
208,230
208,232
208,238
209,7
209,17
209,37
209,57
209,100
209,109
209,122
209,128
209,164
209,176
209,195
209,209
209,221
209,240
210,210
211,18
211,20
211,24
211,70
211,112
211,117
211,120
211,172
211,180
211,187
211,208
211,211
211,215
211,230
211,232
211,235
211,246
212,212
213,104
213,139
213,147
213,174
213,198
213,213
214,102
214,104
214,135
214,174
214,214
214,225
214,236
214,241
215,18
215,20
215,24
215,70
215,108
215,112
215,117
215,120
215,149
215,172
215,180
215,181
215,187
215,204
215,208
215,211
215,215
215,228
215,230
215,232
215,235
215,242
215,246
216,216
216,246
217,181
217,217
218,218
219,219
219,226
219,244
220,13
220,24
220,152
220,220
220,223
220,225
220,227
220,241
221,17
221,26
221,37
221,43
221,100
221,109
221,114
221,122
221,126
221,160
221,164
221,179
221,195
221,196
221,199
221,209
221,221
221,235
221,240
221,243
221,245
222,100
222,112
222,179
222,208
222,222
222,230
222,238
223,13
223,136
223,152
223,220
223,223
223,227
224,106
224,224
225,0
225,63
225,214
225,220
225,225
225,236
225,241
226,24
226,219
226,226
226,244
227,13
227,185
227,220
227,223
227,227
227,238
228,18
228,20
228,149
228,180
228,181
228,187
228,215
228,228
228,230
228,232
228,242
228,246
229,229
230,18
230,20
230,26
230,69
230,70
230,112
230,120
230,149
230,167
230,178
230,179
230,180
230,181
230,187
230,204
230,208
230,211
230,215
230,222
230,228
230,230
230,232
230,235
230,242
230,246
231,231
232,18
232,20
232,69
232,70
232,108
232,112
232,114
232,117
232,120
232,132
232,149
232,167
232,179
232,180
232,181
232,187
232,204
232,208
232,211
232,215
232,228
232,230
232,232
232,235
232,242
232,246
233,178
233,233
234,234
235,18
235,62
235,70
235,114
235,117
235,120
235,122
235,149
235,167
235,175
235,179
235,181
235,187
235,199
235,204
235,211
235,215
235,221
235,230
235,232
235,235
235,246
236,28
236,214
236,225
236,236
237,237
238,45
238,185
238,208
238,222
238,227
238,238
239,239
240,5
240,17
240,43
240,45
240,57
240,78
240,109
240,122
240,126
240,160
240,164
240,195
240,209
240,221
240,240
240,245
241,102
241,107
241,135
241,214
241,220
241,225
241,241
242,18
242,20
242,26
242,149
242,178
242,181
242,204
242,215
242,228
242,230
242,232
242,242
243,4
243,22
243,54
243,196
243,197
243,198
243,199
243,221
243,243
244,13
244,21
244,152
244,219
244,226
244,244
245,5
245,17
245,37
245,43
245,78
245,80
245,86
245,105
245,109
245,122
245,126
245,160
245,164
245,179
245,221
245,240
245,245
246,18
246,20
246,69
246,70
246,112
246,114
246,117
246,120
246,134
246,149
246,167
246,179
246,180
246,181
246,187
246,204
246,211
246,215
246,216
246,228
246,230
246,232
246,235
246,246
